age,salary
56,94624.36
46,79542.63
32,70156.66
60,94363.42
25,55307.58
38,59806.03
56,91890.66
36,60030.99
40,64375.15
28,60757.79
28,60812.99
41,82707.54
53,96586.11
57,95738.52
41,55436.44
20,58621.45
39,74143.74
19,36673.12
41,75031.27
61,84901.87
47,81349.04
55,75469.84
19,36334.25
38,71279.43
50,88583.09
29,57403.49
39,64510.65
61,76281.07
42,68727.83
44,77067.88
59,88265.88
45,73819.38
33,58115.06
32,55826.35
64,97407.02
61,91018.44
20,55546.32
54,67148.65
24,44433.26
38,58637.95
26,52952.88
56,87817.16
35,74977.54
21,60809.14
42,64215.33
31,57204.0
26,52770.44
43,65217.49
19,47827.06
37,62483.94
45,65458.92
64,94563.45
24,40818.6
61,101493.17
25,65212.47
64,98758.55
52,83290.21
31,58419.48
34,70257.87
53,92885.59
57,87474.77
21,47220.72
19,48021.17
23,38498.5
59,100500.87
21,59078.66
46,84520.26
35,52035.25
43,55840.0
61,98869.75
51,75118.48
27,54697.07
53,95881.19
31,51944.36
48,74579.56
65,100213.78
32,48019.92
25,43937.15
31,57398.86
40,65596.36
57,93267.26
38,87727.84
33,60393.11
62,87666.3
35,73345.92
64,84089.45
41,58088.73
43,66839.17
42,68136.91
62,89447.42
58,89347.9
46,77397.94
32,66951.68
62,95129.51
18,37104.43
42,78517.16
24,42258.28
26,38139.18
41,78847.65
18,50734.83
61,86861.61
25,46807.21
41,61864.58
28,56212.99
34,74656.39
25,55623.05
52,90685.8
52,88957.83
50,79999.05
22,55066.72
59,96760.24
56,98715.57
58,85923.61
45,60095.11
24,57162.01
26,53998.16
25,47631.63
29,52878.78
51,101637.49
50,74862.44
65,91173.57
40,68682.27
41,78643.93
54,103027.22
52,87658.92
61,83036.73
57,104166.91
39,66644.25
44,66098.32
52,73764.86
18,48290.63
52,84310.64
54,87560.6
64,107092.02
31,50782.76
20,54929.24
18,37446.74
22,63712.06
43,76389.91
31,49838.09
56,70996.66
44,79271.4
26,48206.56
32,57155.47
32,64529.57
43,79683.31
59,100589.68
30,46601.27
49,90207.16
56,82567.64
49,60750.0
21,35772.48
47,78144.2
54,76969.49
40,67295.64
56,89906.02
62,92948.92
32,54445.17
60,81994.43
46,75375.55
53,67080.34
30,50512.02
49,71377.73
24,46884.99
39,65093.36
45,81679.65
19,55467.82
59,81857.77
62,110342.66
23,41365.64
45,75380.21
45,78086.9
61,112756.66
61,88861.74
37,50026.1
47,88323.04
28,46933.01
45,71107.29
42,61458.0
56,84330.37
50,73276.87
18,47011.53
44,73446.33
30,50551.56
58,97566.98
20,46039.97
56,72431.61
23,54957.63
25,51478.94
44,83925.86
26,52191.34
54,78466.33
50,78365.64
59,97231.35
61,87034.1
41,65677.63
32,56626.49
49,69605.03
49,72749.41
41,70580.4
58,99219.82
29,57337.18
56,86833.11
19,36149.83
20,52761.28
54,88268.04
34,55146.16
19,49989.19
19,47276.62
45,67491.76
40,67188.97
54,80857.82
49,99868.3
50,84253.96
18,43094.1
36,66981.3
19,53833.3
61,92532.96
43,66880.73
49,85554.27
23,46200.44
49,70240.84
21,35082.51
28,65834.37
34,61853.16
55,81283.46
41,67325.32
22,52859.56
51,78852.76
23,36004.64
39,69406.73
28,63266.78
65,107131.71
33,55125.36
50,90153.38
26,52903.6
23,57529.18
33,64189.5
46,63027.23
20,57973.91
37,64814.27
53,88214.35
36,52447.64
43,75642.61
20,52823.42
36,78682.56
37,75603.2
49,83233.8
24,36444.98
58,90658.18
50,75259.92
57,90279.82
56,77469.39
35,60318.66
57,84262.54
18,37214.67
28,49294.11
45,72913.16
42,72689.56
40,48012.05
48,58588.54
47,73690.47
59,89217.85
52,83912.89
24,42978.62
33,59675.72
43,72612.19
65,92123.54
19,50907.65
18,43015.89
65,102375.69
29,55350.77
22,63229.38
54,89571.18
49,74896.05
26,57767.74
58,76499.16
52,83356.8
36,65753.28
65,99048.17
33,56929.77
20,35901.81
37,58085.22
41,70016.6
50,71091.85
41,83361.34
28,32472.82
25,47412.5
53,84483.12
55,90059.37
57,81072.6
37,73474.36
52,71249.35
65,93470.97
42,75365.98
52,90721.51
42,59167.99
46,96360.29
35,54820.07
63,85102.54
35,66021.72
19,40013.65
52,78431.58
33,64365.15
58,77381.63
53,69982.92
50,75220.61
21,53823.21
50,75567.56
31,69993.25
38,75208.12
65,100263.57
37,67117.79
25,52256.02
24,50077.74
20,41070.07
34,58798.5
50,71440.32
65,80319.66
29,63632.56
39,68058.07
39,66849.69
63,98787.59
47,69772.82
55,77991.5
55,83730.52
62,105344.79
25,40650.07
44,51783.48
44,68628.79
51,90341.6
38,51739.65
47,66957.73
50,82108.37
45,94559.26
64,85934.31
50,68824.53
22,49109.59
65,107637.4
36,58207.21
21,32228.85
52,85869.99
34,65718.73
61,107429.24
45,79255.58
47,83024.53
46,73102.84
63,115132.03
23,44414.86
52,77504.62
58,104076.12
54,73006.1
41,54420.73
46,76156.46
63,95586.11
48,75776.9
52,90351.44
50,72734.35
38,66113.34
49,75919.15
40,60870.25
50,79505.28
20,50820.77
35,78964.54
42,75035.35
59,70713.32
48,77294.88
20,44398.42
57,95889.67
63,97078.48
41,79224.71
49,81933.36
64,109270.38
39,63290.03
40,69154.75
19,49413.13
44,68222.45
59,84479.9
19,37765.18
43,65606.28
34,64980.5
57,73721.54
50,67552.24
26,66101.97
60,86199.23
65,99600.12
56,75286.83
46,75952.99
59,85047.95
43,59095.28
52,93095.36
42,79860.53
41,68341.16
30,63995.35
24,64026.34
53,89632.61
62,98237.44
37,65991.6
18,46795.98
25,47088.64
63,93386.91
33,63207.13
31,53409.08
29,51873.6
40,68001.49
32,67604.86
45,64938.69
51,87273.43
19,49134.37
49,85086.5
40,61546.03
39,53258.55
42,74877.6
39,68300.31
39,74835.01
59,85195.71
23,53680.95
32,66835.3
60,91237.52
54,88135.44
50,83055.73
25,43428.24
61,97448.77
61,106179.99
22,46577.63
56,75512.6
21,39702.19
23,33364.56
62,104722.09
49,84912.84
47,72389.05
64,85455.52
52,75733.64
57,83293.78
33,60475.26
30,56606.07
59,101531.46
47,70857.96
36,51134.5
34,51544.17
36,63015.8
45,68170.58
43,69263.93
54,81167.73
43,79521.91
40,63304.27
26,48181.26
29,60538.27
18,37080.14
18,44985.7
64,99451.88
51,82334.13
49,69724.83
65,107838.19
42,88165.47
57,88470.63
62,86029.16
18,41832.82
33,67518.88
56,82278.5
22,45368.81
39,69525.23
46,84824.38
20,50203.39
29,61334.94
43,68189.85
33,62815.35
54,79024.29
39,73564.21
46,84409.76
31,61626.91
45,71060.72
22,44770.18
64,111252.13
47,73594.32
63,103999.95
22,49111.13
29,52126.91
33,48842.81
43,73292.8
43,72328.81
65,112452.28
38,58718.46
56,105558.15
53,86630.48
50,83022.63
47,71655.42
54,87317.65
40,71784.41
27,59898.62
22,38573.42
53,94854.25
51,84091.32
48,82465.83
27,50632.46
36,55774.86
49,79381.8
18,43098.36
22,35316.57
62,100746.28
21,53172.2
33,53762.68
41,61019.32
33,57176.31
19,42991.16
45,71886.63
49,78312.66
44,74571.82
37,53453.85
41,59173.63
29,33021.78
52,89940.36
50,80121.82
50,88382.81
60,82898.1
54,84995.26
29,56518.61
20,39505.74
18,29172.58
50,93966.97
57,99594.27
27,49344.54
60,96081.82
61,89321.67
46,67236.77
30,70618.09
29,41557.05
48,75315.97
63,96274.59
19,56009.89
52,89572.71
40,54622.0
34,60778.0
43,71768.48
25,48173.29
46,80158.47
43,60327.14
27,49130.91
43,75430.55
51,86636.61
58,90795.36
24,46492.86
21,44240.47
62,100323.26
28,53871.21
46,66865.22
53,73732.02
42,58482.9
38,77244.65
53,90059.69
27,51548.1
54,81169.66
26,46608.56
41,77945.9
52,97635.47
52,77556.86
65,107107.32
53,83824.1
35,60300.57
56,99233.71
49,78718.67
41,71570.92
40,69986.19
49,65795.21
54,87107.29
29,50298.46
30,44630.77
40,63862.9
42,66196.89
52,90639.06
58,81089.68
47,70081.22
34,62683.11
37,53793.65
65,92727.95
42,57084.19
39,74160.09
30,53589.1
36,63072.66
53,90928.08
29,49021.85
58,87104.1
36,54749.38
29,46331.97
26,43835.34
24,44860.08
45,70921.64
31,59509.06
48,70470.26
36,65757.06
64,100680.01
33,55857.42
22,39962.2
52,83080.63
29,53176.66
42,72162.81
38,78158.93
53,84149.1
40,62886.16
33,52472.88
56,80382.39
62,82697.87
59,98261.95
56,69333.77
31,61104.84
48,70655.49
22,42300.76
52,75216.1
40,79566.92
46,75330.52
60,98323.03
28,64004.21
35,63307.24
64,87235.01
29,53034.86
26,45262.02
27,48371.97
61,92443.01
34,59726.75
55,89296.87
24,53258.43
63,94526.84
30,59227.75
57,84005.12
59,101318.24
26,46675.91
44,82377.49
19,30991.46
22,43356.74
46,72552.17
54,87031.93
55,92894.53
36,53204.84
25,41136.14
65,86784.74
62,104961.47
18,43980.84
39,58125.03
34,57255.24
24,58254.09
42,68175.05
62,91702.49
21,38949.63
53,75400.06
23,57066.59
48,90991.21
36,55318.44
61,104439.54
56,83300.88
44,77069.18
27,63681.71
43,70439.39
36,60576.46
56,93608.65
20,35120.38
62,103576.49
30,57142.48
45,69378.0
37,59566.66
45,62932.3
25,45710.62
58,87487.7
56,78709.65
18,41236.28
20,47783.34
30,54292.22
45,79301.81
42,63942.88
50,88027.06
55,86974.52
23,59962.06
61,112513.74
62,90638.05
49,75367.49
62,92430.06
64,101565.62
38,76207.76
33,54377.53
38,68649.95
28,52512.58
54,89744.87
53,95675.66
52,80477.37
36,49841.06
37,70351.21
35,55338.36
64,95655.07
58,95896.25
31,59579.16
32,57586.24
48,72992.95
18,18400.85
20,49586.57
33,57576.39
40,80106.69
28,56784.22
29,50471.0
27,60934.96
49,88009.04
33,57847.75
25,59549.16
55,81557.54
29,56077.18
41,73771.27
45,80278.25
25,54972.17
45,71338.74
53,92349.58
43,70604.58
25,45447.78
45,69565.3
45,89519.91
54,78864.13
58,99933.08
53,74516.27
44,76703.24
34,63176.67
26,64169.82
50,74764.78
37,56954.69
30,55067.92
45,87318.41
65,90926.73
46,54492.67
30,56478.14
63,103196.18
52,74289.55
23,54383.46
35,53712.71
22,45227.53
64,102821.46
42,60900.28
19,44252.11
27,62119.79
47,80191.47
62,88634.99
22,58549.75
50,85267.14
18,26716.42
35,68913.95
49,74229.01
64,98372.51
28,61664.03
38,61203.16
43,58435.26
42,82444.36
39,76116.67
44,72101.95
30,62827.37
50,77044.91
51,81975.76
58,88445.7
52,79768.45
18,44474.42
38,55934.57
65,95987.35
23,50115.84
45,88704.81
34,51459.73
22,50564.42
48,82641.19
22,31386.25
55,89284.26
20,51042.28
40,72709.22
54,84128.58
54,87465.92
27,53758.76
27,38884.34
36,64746.56
34,57863.44
38,59961.42
31,77079.76
26,61220.93
63,86398.62
18,44373.09
62,106064.2
30,44030.41
21,45815.87
18,42592.58
57,78204.06
49,81836.4
51,90129.97
45,86064.38
48,75605.09
25,70013.16
56,70736.27
43,74449.73
51,69901.65
20,44721.46
29,50624.75
18,45655.02
61,92184.95
22,39792.13
47,70317.67
47,91859.68
34,64348.19
65,84382.97
64,101206.3
40,66442.59
32,58436.81
54,91359.11
38,75065.82
31,50329.5
19,42562.07
28,49231.11
56,91974.9
55,84141.56
51,81434.01
55,83837.79
51,80351.04
35,75637.21
47,95526.13
32,61416.74
44,72000.24
51,68434.91
55,79916.65
50,78986.11
41,63479.49
32,53520.79
47,89003.12
59,91030.33
34,61745.7
22,41006.48
46,84620.36
21,43499.37
27,48233.09
34,48153.99
27,51911.18
34,56383.54
37,77876.64
41,83951.19
22,36517.76
51,72222.77
23,45389.44
19,36271.7
30,57739.33
60,89387.01
60,94244.26
65,106128.75
28,45086.23
64,104761.69
40,62170.78
33,76787.86
48,90567.81
28,52695.36
33,51891.33
25,40761.07
21,52189.03
57,88156.78
21,52614.94
42,88033.83
20,37836.94
49,68958.89
20,45540.48
44,81958.08
46,67676.32
49,79077.0
36,74160.35
38,52536.98
22,48282.54
35,57679.18
45,74993.25
59,96478.27
39,68566.47
38,57518.22
23,43590.03
18,53012.74
22,49031.46
58,96322.55
29,56802.36
43,78072.93
63,92430.83
51,75059.91
31,63309.58
43,80618.99
62,87085.75
44,68192.44
26,49894.19
43,84558.6
64,101305.08
39,56207.31
64,96056.14
47,74432.97
60,82613.84
65,97161.66
34,58479.7
43,68706.94
53,80340.95
18,53371.15
25,47090.38
52,82797.37
32,57929.88
64,92759.87
39,67436.04
31,57722.8
43,72238.05
45,67126.13
40,66351.0
31,63282.58
41,67761.47
19,44094.26
62,95736.3
43,74939.16
31,61669.21
24,47406.8
20,36709.32
64,87050.28
40,76141.49
63,101762.0
60,97194.92
64,103289.63
62,93107.55
35,57000.99
55,78156.74
52,73685.2
32,68097.27
42,66454.84
54,93238.87
45,72504.91
27,46990.07
56,78445.08
34,56094.77
56,98545.91
39,58126.32
43,88533.97
61,86475.14
42,76399.6
34,59637.99
30,53435.52
37,54228.63
42,69612.86
21,35933.71
27,38947.38
20,44956.79
58,84516.62
62,107874.79
35,70000.17
64,110379.46
53,78152.94
64,97889.1
39,45834.63
51,78945.58
64,97587.99
25,51232.38
57,88061.05
61,93732.74
36,41494.06
59,92849.77
58,93467.52
54,95504.2
23,50549.9
43,70554.1
51,90039.54
62,75541.33
23,43480.41
54,78673.52
50,79723.83
39,49210.46
38,76157.09
23,45601.52
23,50150.37
65,99784.73
21,55299.92
47,61504.4
28,54498.57
47,85569.43
48,76816.11
41,61589.84
26,46368.88
20,40856.46
48,71831.6
57,87177.51
54,96865.98
53,78821.08
41,65298.61
48,81278.24
23,46201.44
19,32166.52
37,63910.49
45,73208.87
28,61405.43
21,37422.78
32,66258.56
23,46817.35
47,67536.47
55,75529.77
19,58275.11
32,57120.67
28,61092.03
25,36335.04
43,92701.56
62,101545.96
61,91156.48
22,43950.67
23,53476.79
43,77017.45
21,46660.23
36,63287.03
37,68888.54
50,66066.37
37,61429.8
29,41625.09
64,101636.74
18,36193.49
43,59027.38
31,50849.71
55,87194.85
54,83158.17
28,44214.75
53,69961.05
30,56591.46
60,87353.86
20,41935.35
50,78722.52
23,51040.53
27,59175.57
22,47572.07
40,65436.3
27,52598.11
61,90486.1
19,29659.57
30,64735.57
57,95627.51
19,58706.67
37,82643.99
18,32191.84
54,82116.8
26,71292.32
34,60475.6
26,53153.69
28,41430.96
32,59602.31
41,84655.52
55,96293.01
52,77520.12
47,73229.47
48,68552.8
22,39590.69
61,77918.3
31,56521.44
28,65680.89
26,54043.46
51,92129.91
29,63386.0
52,78025.54
52,76323.95
18,35830.52
57,74663.5
39,67058.64
46,51964.28
25,54731.32
28,54175.05
58,93371.52
54,93256.13
31,58790.36
47,89452.57
52,87375.57
38,59542.99
54,82898.31
22,28309.67
36,55982.48
31,54152.03
43,75970.19
21,39197.11
42,60429.89
62,79299.74
59,86028.66
42,86006.81
35,64168.86
57,95916.64
25,42799.57
56,74612.4
57,78631.38
31,56422.95
49,62846.97
55,77947.28
50,75309.11
40,57432.6
32,41410.54
50,82317.23
42,70766.97
34,67032.24
50,71116.59
64,102879.38
19,55034.43
31,59297.72
57,83520.51
57,89560.65
56,81937.7
23,41005.73
23,53066.08
20,42887.6
24,58440.77
25,46460.62
59,88070.6
32,53867.91
64,87838.53
46,81715.4
50,97485.69
47,73342.18
56,81756.03
44,66837.41
53,78162.13
46,88398.27
55,80252.16
50,75317.87
54,74877.17
44,75149.19
50,79462.16
21,36102.57
39,59657.36
19,55063.47
27,52661.66
22,47213.48
27,53245.23
50,91157.0
55,77638.29
30,52828.84
48,76248.28
64,83030.59
53,76270.87
62,102773.4
41,75281.71
32,65896.54
46,70487.28
25,46274.44
22,32095.48
46,82655.48
64,105573.22
21,53871.37
29,67632.73
62,97776.87
19,55255.05
44,71196.2
48,63463.92
53,90485.8
53,69168.89
43,72961.62
60,99642.59
44,75394.07
22,64625.94
37,48672.57
28,52937.11
27,52539.64
57,77647.18
55,76770.14
23,40838.97
25,41202.82
40,67136.04
64,91976.28
43,74143.27
63,100795.44
60,96654.23
29,51518.99
43,73875.81
30,64281.03
57,91964.52
35,76871.82
42,78257.43
50,93747.26
64,76861.25
57,89173.41
60,89408.54
29,53800.16
61,86760.32
53,86769.6
65,83533.15
21,48427.49
22,40226.31
54,80796.91
25,53508.01
59,91430.22
45,82431.37
48,69843.97
26,50554.35
46,82310.18
31,60089.6
57,91804.75
58,98464.34
39,63550.06
28,48665.35
40,72607.24
18,40404.55
63,104577.63
54,87758.19
38,60613.19
43,74307.07
63,88378.4
53,91175.43
40,56822.78
18,51376.52
57,90967.01
32,57083.51
38,71706.67
64,100890.61
26,61843.05
26,61768.49
27,55218.32
43,64625.83
58,85267.93
52,81826.82
42,79053.77
43,67948.91
28,50616.48
55,100786.81
19,41965.61
24,43722.14
35,68213.17
44,72350.93
51,70083.21
44,81127.31
34,54823.69
60,92348.68
61,92654.89
41,71040.81
42,52871.41
24,46119.2
23,56598.7
41,79323.56
50,72069.68
46,82564.79
60,85908.56
39,63803.74
43,69024.13
45,74870.43
38,73610.93
24,50916.68
34,59790.95
37,72138.49
58,83178.71
37,63782.26
39,74766.25
45,78234.45
57,84669.57
24,36696.35
18,44086.87
49,66170.6
30,54299.99
47,85831.59
40,72774.07
36,47010.77
49,80403.61
47,73846.64
46,65010.26
62,97080.17
46,71266.1
47,72515.73
33,60592.36
57,83392.92
36,63965.89
35,57253.4
18,37292.31
31,65143.44
64,105557.37
19,29130.77
45,79976.58
47,87588.73
55,98459.01
21,49363.04
18,33140.82
25,55039.85
46,68245.98
56,84456.28
20,47064.66
49,72361.93
27,43228.8
27,56126.19
36,78137.79
63,105545.87
51,86857.49
50,87833.48
40,73101.76
45,77599.2
49,85988.94
24,37853.1
46,76795.88
25,49352.41
18,42231.22
20,40309.02
41,73363.9
40,61456.58
25,45729.16
64,91568.96
54,91711.57
20,43906.21
50,76313.34
45,71012.56
64,96831.04
25,62977.4
51,71307.84
52,87804.08
49,82574.9
41,62136.28
31,68934.99
49,83114.24
63,91538.13
60,77124.69
33,61433.17
21,44842.04
54,76554.3
38,57251.08
31,64148.08
48,61954.44
65,100514.26
35,60500.5
24,52777.24
27,50045.56
24,51146.2
50,74057.8
40,67606.36
38,69512.67
36,64406.97
65,101042.45
36,55776.63
53,78874.6
46,70613.28
35,59788.08
19,53668.66
18,38766.57
64,87651.52
22,50733.17
37,75173.15
28,43510.31
59,106582.49
19,46121.41
20,52271.13
40,79736.57
29,62580.94
37,63515.72
22,56141.59
54,86836.8
55,94723.88
47,85999.0
26,42472.83
51,87554.41
61,91744.86
52,83505.53
39,67816.74
61,93895.76
41,81388.2
34,49868.42
27,38621.25
47,60933.68
63,104153.15
40,61812.5
49,79857.49
34,59882.26
34,53709.0
31,64011.82
26,50180.3
57,86498.12
19,44662.97
62,100166.18
42,62728.19
56,94183.35
26,62798.83
39,55391.02
60,94226.39
63,93160.62
21,50793.84
43,61866.73
46,88231.51
62,81536.84
51,79245.75
40,71474.37
54,79309.31
28,46852.79
23,49377.89
35,62622.08
38,65647.51
59,97669.51
53,80444.22
58,92156.74
55,81947.18
51,74405.36
34,58521.93
54,80809.88
42,66809.57
55,95322.62
29,52767.17
40,62696.75
59,91024.63
39,67633.82
38,56104.95
44,70412.75
48,74890.53
23,46222.85
44,78604.23
57,89493.37
51,91023.5
29,54706.72
62,108608.7
24,45113.8
27,46243.5
62,98778.42
34,71712.66
43,60569.57
38,64024.07
45,69113.74
63,96742.81
19,42880.14
60,102763.05
18,40732.76
53,94598.27
43,69079.2
46,82611.86
38,67429.3
28,67439.08
57,76583.88
28,44289.14
53,98252.98
56,81333.88
57,83041.57
52,75394.21
51,90387.57
64,86772.34
41,69379.6
39,64675.03
22,54692.12
50,75490.54
53,86922.18
64,87430.27
37,82591.53
36,61283.26
52,82470.11
60,105238.03
34,56106.62
62,107739.06
60,88708.23
51,86573.59
26,46618.55
43,60751.71
19,46116.75
26,56319.23
26,40672.91
57,85943.53
34,70406.07
18,46400.95
42,67238.28
60,87219.79
57,103985.95
59,79224.54
42,69926.41
56,75482.43
52,92918.52
20,43943.01
54,86225.39
61,115351.14
61,88452.22
47,90388.61
55,82874.14
51,79331.9
29,75905.4
36,61911.28
54,73805.03
61,95455.35
34,59418.11
27,55336.77
64,95731.22
29,72524.36
33,64053.89
41,60600.28
36,64196.37
25,43602.96
48,75618.29
38,58316.47
34,77656.95
40,62468.92
54,90300.51
33,57012.16
23,38332.69
25,51581.19
42,73605.53
35,66469.01
42,49422.25
29,44921.23
32,66060.44
43,64211.14
58,91223.55
62,84335.8
43,77452.81
64,104250.16
49,84655.28
27,60660.45
33,72111.2
24,39407.41
34,54490.62
40,75180.35
43,80641.76
38,60205.26
39,60848.91
24,43582.29
31,44359.24
32,48228.71
24,38821.66
26,48847.21
65,100166.69
25,53467.78
40,63931.5
46,71328.1
35,62989.29
48,65631.88
47,84075.52
56,97483.08
52,77395.35
35,58812.51
59,100746.5
56,86215.59
34,65505.96
31,56461.56
48,90050.46
41,73120.64
52,86781.25
61,97730.45
62,89959.09
51,77494.09
20,50153.97
54,85811.3
60,82579.11
57,103384.84
43,79424.57
40,68301.01
61,91011.99
56,88789.41
32,62540.16
21,28935.99
46,92098.8
39,60480.93
42,70384.75
30,56278.94
35,77974.8
50,79295.01
33,72308.06
62,97653.82
59,83104.92
61,94277.66
19,41851.93
52,73727.44
59,93661.78
51,81376.82
47,80851.37
30,57546.82
30,50791.18
35,68146.67
49,73804.81
49,54002.64
52,83429.22
56,82767.41
63,98657.04
46,91190.97
46,91421.92
61,91879.02
33,52987.88
61,97877.47
64,93838.2
27,55534.21
47,71113.11
42,72405.54
56,80704.21
37,73874.03
22,41680.18
18,46888.82
47,66281.86
20,50249.39
62,86668.93
31,59289.41
47,84585.61
21,43600.14
35,53766.66
54,88774.5
42,63672.15
65,94766.04
18,43723.7
63,106485.41
32,58612.43
26,51382.86
32,64300.1
41,69602.98
21,50284.24
29,63428.27
54,82178.1
54,58599.91
60,85456.58
23,57269.46
56,86929.88
63,92886.96
41,78534.28
28,52789.4
30,39259.73
51,69157.58
42,73749.18
24,48264.87
21,56837.25
25,44133.85
37,61923.99
46,68123.98
62,90235.25
63,80464.77
27,49314.52
60,91585.05
51,80109.35
43,88796.43
58,104267.88
20,37992.8
23,31248.51
22,45606.4
22,49412.08
64,89916.13
40,61512.19
26,63860.44
52,80339.59
37,69698.0
59,83357.55
52,81944.48
35,59309.29
34,55397.01
41,78442.4
20,32888.98
49,81200.45
52,79559.03
55,89318.6
30,53267.39
64,103737.54
42,62882.38
26,60460.43
21,44969.58
31,46571.98
54,90241.72
51,79609.2
28,39937.3
58,92259.74
20,52052.77
45,84257.09
46,72173.18
26,52362.54
20,44404.29
42,82318.42
51,74716.09
29,51082.72
59,84122.24
26,39606.8
32,60382.3
57,101210.39
42,68812.12
22,39344.83
28,55094.88
51,85912.95
41,67949.09
32,69628.28
55,79501.1
25,47704.24
22,48767.9
65,101143.71
43,71977.82
35,51772.64
23,66304.09
54,82912.24
65,98882.14
30,60934.09
45,68907.96
22,46855.41
30,50582.48
34,64124.41
57,86191.82
62,96549.75
49,70427.7
46,68568.67
20,33078.87
57,82715.76
51,60611.81
57,85943.2
44,68526.08
30,57207.29
62,94756.86
50,90056.64
23,68354.48
41,78300.31
36,59575.14
33,55652.87
57,95349.3
45,60533.24
50,77478.38
65,96094.78
58,94273.05
30,60910.93
60,86043.52
62,91085.02
42,73960.83
59,84408.63
53,93248.95
44,77673.4
55,87372.08
24,51927.52
22,42664.88
60,86989.67
62,91002.22
48,81599.73
40,69608.12
59,87418.28
27,58396.65
49,77408.43
60,86453.51
47,78434.73
56,79095.76
48,64102.21
35,61959.16
53,78340.69
19,40766.77
31,49466.14
30,65671.46
46,69908.06
29,51344.0
56,90223.07
19,31787.09
49,67195.6
30,59047.62
63,92040.42
44,65588.04
58,94426.99
34,54304.63
57,86203.9
48,70430.96
51,83627.5
41,79856.61
62,79511.68
52,83301.26
65,104852.71
23,44228.18
36,54151.66
47,79767.71
24,56813.23
27,59524.18
58,92527.27
49,79583.31
51,74007.9
45,80921.96
32,64879.65
47,67295.53
54,87715.84
46,80422.59
39,73856.91
21,44600.08
37,57539.46
49,74783.07
53,75542.0
21,44791.51
44,70824.92
34,77960.29
29,61957.42
39,74556.38
34,64570.82
27,49461.46
18,39396.88
39,65329.05
43,73105.87
35,65113.36
31,57205.67
64,94475.21
46,70447.07
29,43658.81
53,93867.03
52,100044.24
29,64394.69
24,38727.47
46,81496.13
28,61790.21
50,76772.5
23,51511.42
64,93149.58
32,70631.43
49,81722.97
28,46262.76
40,73358.46
43,80070.25
51,82785.05
63,99435.53
51,80641.97
46,66125.76
21,43986.13
34,64984.32
52,81375.79
30,62406.12
58,86462.55
56,84587.27
32,65048.96
46,76974.82
46,71906.23
28,61870.44
49,73290.11
19,36984.41
64,74164.41
31,52768.25
37,74869.73
39,50221.66
28,45984.64
44,76312.55
20,26041.07
34,56714.41
61,102326.91
45,90344.21
46,77521.97
38,58188.26
64,89118.97
33,60759.26
54,87047.71
37,79263.43
23,55366.44
36,63872.85
22,43718.34
20,68117.69
18,46612.76
55,80649.99
32,56603.02
51,74180.36
52,63163.6
42,72901.21
41,83459.63
29,41755.54
35,62442.1
32,52744.76
61,97372.02
33,58221.36
44,61919.56
25,42151.17
63,88957.6
42,81154.55
34,71146.07
46,72709.22
25,59822.43
32,57014.53
44,70186.7
63,96056.94
24,51078.6
20,39556.44
46,75374.93
61,99498.58
41,70236.32
20,44342.26
37,68353.44
63,100933.65
32,57899.07
42,66606.55
47,77913.63
31,44448.29
24,47117.42
34,41027.52
61,79793.67
37,49790.51
53,91978.81
26,51311.85
55,75903.61
65,101928.53
39,74709.24
19,46867.88
41,67690.32
25,51859.89
28,60811.97
30,52246.03
34,61038.94
25,47942.46
38,52692.67
35,69332.55
47,92858.17
35,55009.64
63,103301.44
64,90064.05
48,78662.3
55,98064.1
49,74636.49
28,53482.51
62,79987.98
42,65086.37
50,64749.82
55,89433.42
58,96253.1
25,48226.92
28,55887.1
39,64194.16
41,75124.36
58,90635.7
34,44914.69
29,62319.85
63,92483.66
49,68636.96
32,54888.53
33,44383.44
39,56800.89
45,75143.6
37,66213.69
50,82451.51
27,52425.68
57,82857.08
49,78364.33
50,76502.34
19,29793.75
50,73820.68
50,87116.33
58,102306.35
30,61210.2
47,88749.58
50,80683.11
30,69939.01
43,88035.91
39,52932.24
56,88971.95
19,43491.44
55,82607.17
56,91135.32
43,71929.0
63,89716.41
32,58187.16
51,90836.76
59,92260.3
61,98215.64
57,86183.58
28,57216.51
20,34326.28
23,43602.24
26,50378.65
23,37389.31
26,44558.27
56,89704.89
48,78638.66
49,85250.92
58,84795.91
29,55260.82
25,44625.06
25,55649.03
45,83525.97
37,68266.6
64,105289.55
24,49060.0
28,60044.75
37,65003.34
33,51400.58
21,47173.77
23,39637.63
39,85513.03
43,68927.29
20,49160.3
58,89500.69
59,80931.09
31,42011.82
28,59592.11
35,74394.73
29,48921.57
40,54746.46
29,52198.7
30,48503.06
42,65197.47
62,99282.99
36,62796.3
63,88963.94
53,88308.01
62,99734.98
25,47303.54
46,76303.33
49,82964.02
61,96608.83
35,62324.91
23,59060.69
35,66661.45
36,59594.57
39,63242.65
54,80335.31
49,83856.97
58,84618.02
20,40600.81
45,82464.18
27,53933.06
52,91988.26
46,81584.48
32,48986.63
50,79182.94
24,56719.59
29,45022.59
47,79757.69
38,65286.11
48,63561.69
41,70157.27
37,57700.26
54,75458.79
21,45273.13
45,58553.18
61,87805.68
37,84809.39
41,74401.78
49,71748.6
58,100833.33
53,75663.65
51,76770.44
53,74409.19
19,44848.64
32,69349.04
51,73207.95
53,67116.46
23,56327.73
56,99630.4
59,74839.36
29,58480.43
20,45812.04
62,88100.2
35,50845.15
57,96334.0
38,67032.56
32,60435.41
50,75025.85
52,75984.73
43,51960.21
25,48175.78
53,95110.61
65,90877.96
47,64220.68
40,71485.32
59,95760.64
61,88512.75
31,54409.88
31,59311.22
19,41555.6
54,92801.03
22,65897.94
55,72326.69
62,104238.04
58,90442.08
64,107905.61
31,62994.84
56,87689.25
42,76480.18
37,61246.75
19,36605.59
56,93686.9
23,40845.37
34,65938.98
42,70645.98
45,55364.47
19,38204.94
52,85078.71
54,81551.99
22,26026.14
18,52166.0
57,89755.0
29,58349.91
53,79813.79
62,98651.92
40,82678.56
64,90919.42
48,90936.1
28,56788.51
27,45444.54
20,61699.13
31,60333.12
33,65011.83
27,50245.18
46,68829.39
27,53742.51
29,67451.71
47,73922.72
58,89385.99
18,53250.63
22,43997.39
37,68482.21
25,57018.8
60,90425.75
29,57278.7
18,46888.82
37,61192.68
45,80526.12
60,87624.11
54,79399.3
64,84583.67
54,80772.3
29,48275.98
54,81593.01
61,98095.94
45,60194.61
64,81002.63
32,52407.37
23,51289.84
61,95510.92
37,58279.5
31,66555.27
19,37532.72
26,54899.63
54,81897.71
37,57449.79
43,66759.47
46,81072.0
18,44488.2
52,90144.82
23,50487.89
54,71910.64
22,63315.32
50,83001.35
31,61317.37
29,51785.3
59,99705.43
37,55655.14
41,74078.63
60,75362.93
51,86617.67
42,61763.6
46,77415.96
56,98058.72
48,84181.74
64,106595.05
60,100966.79
40,63805.74
61,97986.64
55,72200.66
37,58904.51
40,79141.24
62,91319.71
33,44655.98
59,106909.59
25,54498.0
38,71715.83
18,33756.24
25,52272.45
46,77260.6
49,72228.12
55,84641.44
22,34396.26
64,94026.32
39,74590.77
64,90825.21
51,96458.38
18,30111.27
43,69518.6
60,86748.56
27,50958.55
47,87371.8
35,54124.36
34,57189.84
43,76836.05
25,50745.27
64,98201.4
57,80677.79
29,54227.33
44,81852.63
25,37123.83
42,64821.53
63,81075.67
21,49495.81
50,89803.76
18,40132.72
36,55155.84
48,69790.03
33,57223.54
31,54793.02
65,105294.65
22,41048.99
58,93080.63
43,69156.24
45,68041.94
19,40156.99
23,50292.31
26,58519.47
50,77984.21
58,79968.49
42,78397.72
65,90814.64
30,58086.59
26,51001.34
30,54731.44
48,73704.19
58,94561.19
28,24943.5
21,54291.76
51,73899.94
55,89263.66
63,98440.2
21,55399.82
55,87581.99
36,56567.13
23,34761.96
51,78409.57
35,46334.6
30,50972.11
58,87258.96
40,62480.67
36,63534.19
62,92511.17
28,50978.51
18,22206.8
41,58842.36
24,53941.25
42,76834.05
38,50889.79
32,51882.25
18,50175.72
29,49055.69
24,47908.07
32,69934.44
38,62707.38
36,59162.24
46,73943.71
42,85227.29
50,83569.61
49,78952.65
52,78205.12
61,97510.54
55,91277.6
43,63014.57
28,59093.03
52,81190.78
25,50198.39
63,88525.69
31,54000.14
27,44158.86
19,34174.25
63,98616.72
26,48359.07
20,33602.9
38,83016.42
43,62602.76
25,58736.82
65,86188.29
19,46452.02
23,45595.52
45,68967.55
46,76773.94
43,72098.08
42,63900.28
29,47938.09
22,33808.69
51,83644.52
65,87969.56
54,84831.8
32,63139.82
61,94864.44
53,77814.95
32,65670.5
60,88736.23
65,87326.71
40,65730.18
23,52294.38
63,90204.69
61,100225.46
60,85837.39
62,89326.29
38,57231.37
40,73469.68
60,91574.06
33,51761.9
64,93630.32
32,33830.79
42,76623.78
53,82234.03
28,34350.09
32,46746.55
21,41827.25
38,55086.63
30,62346.79
39,70148.58
36,66076.29
51,60365.22
31,52996.33
21,39619.07
65,90367.56
63,92278.6
44,63790.09
46,76921.77
64,102932.41
45,79443.07
52,81296.71
25,65993.92
33,68719.8
59,89987.53
53,79741.82
47,87104.22
35,70060.65
19,31516.58
30,64686.57
21,43965.01
43,64712.71
42,54566.35
47,74248.67
28,53502.18
24,61498.62
48,85257.87
61,88536.91
27,55514.74
56,93810.0
30,56687.66
48,72902.77
24,44542.62
59,93883.78
59,94103.84
53,81256.36
37,43446.78
21,34875.82
24,53757.51
18,24553.3
61,102673.45
62,102689.26
59,91128.77
64,101583.45
30,60230.2
39,65865.01
38,54608.89
39,74538.18
45,85257.84
26,41531.28
43,60309.96
26,50105.62
32,53390.2
27,53559.59
41,78863.95
59,72834.64
25,62650.18
41,65946.65
33,63694.23
43,76549.81
44,78682.73
54,85295.26
21,47564.48
41,71512.18
36,58157.74
53,69535.56
56,77446.51
27,51566.1
42,64105.55
35,55724.03
36,77594.01
53,90471.16
27,50383.39
50,85376.28
22,43037.85
64,97685.79
52,85933.03
61,89859.15
51,75718.0
50,89791.45
38,70512.9
34,42763.11
39,61454.91
65,91749.82
54,79830.9
32,65299.22
52,82553.65
45,62882.96
24,45734.28
49,83133.9
28,51842.84
27,47242.59
26,53849.75
31,70145.54
30,59691.4
42,80807.53
19,38179.09
52,82333.1
24,48571.58
38,66549.43
35,65524.16
20,36648.25
59,95978.66
56,74176.91
58,78913.95
28,70685.01
56,83119.03
41,75036.15
63,109186.32
36,44684.35
21,54209.97
43,76791.55
55,99123.18
59,81347.81
49,90410.04
56,81284.68
62,102838.22
63,95311.83
53,89766.15
57,88790.95
54,70084.79
50,55035.65
53,85279.32
20,41890.12
26,54385.77
25,47982.77
50,96144.62
23,49444.3
58,86024.42
56,89898.9
21,41770.6
30,56743.44
19,33060.16
22,46331.32
61,89377.18
44,63818.11
49,94605.89
38,56930.12
25,50055.71
55,79577.54
25,52376.32
20,33804.92
61,99922.85
20,60289.25
39,60083.69
23,57335.75
19,39744.97
40,80046.33
61,110707.99
19,40930.36
55,73837.87
34,68384.68
52,84195.34
51,85214.33
40,65281.24
47,69324.06
25,59282.79
39,69358.32
61,81651.54
53,89095.0
22,50289.35
30,53397.61
46,88158.51
48,72654.61
64,95448.11
33,65749.18
59,91414.1
47,65324.61
33,61070.39
29,51484.88
34,67655.97
33,60809.75
29,55556.06
25,41613.99
37,62559.8
20,51760.81
33,53387.71
47,76139.6
62,86908.43
40,58529.26
45,73321.13
57,89790.41
22,62350.9
37,60756.32
57,87998.65
61,83199.41
18,46497.92
47,79584.76
38,77507.16
37,73292.98
23,50411.25
39,63039.43
35,63637.35
25,49111.89
56,94827.18
49,85409.85
50,77628.68
33,47904.05
29,65467.1
55,90654.99
51,78644.08
31,61542.99
53,84198.89
50,90548.94
40,52561.76
62,91222.47
19,55592.44
58,94105.59
38,79780.85
19,33025.54
44,81377.57
26,59297.8
18,28146.17
28,51235.98
20,43147.77
40,55043.55
43,69403.18
21,52185.47
35,58872.62
23,49537.07
52,84394.96
39,66702.85
60,86358.54
32,63670.51
39,54103.73
54,84868.71
59,101883.89
29,51221.01
64,90981.43
59,96604.13
55,87307.45
35,67963.58
62,94707.99
52,63293.66
47,85839.31
41,85760.21
59,101072.33
47,48089.14
31,60808.71
23,43866.03
20,35326.05
33,60581.86
24,47608.42
31,61269.26
26,51652.64
32,49433.5
38,60987.19
52,76496.33
19,29068.13
44,61826.84
19,41111.45
52,93790.03
35,57715.54
31,51140.55
37,54949.71
35,62244.29
27,61834.07
42,86421.46
19,45083.2
42,71519.95
50,75652.22
53,80587.47
48,82633.4
31,54681.0
18,40301.74
63,95397.22
33,54873.38
63,95000.17
20,27844.75
52,86790.69
58,108414.17
23,43183.65
42,73390.7
30,62812.61
51,91441.72
25,47885.43
38,51173.46
51,83337.86
21,46229.03
42,67634.67
32,57331.9
21,46349.44
62,97294.1
29,57358.48
49,77058.51
49,81874.23
45,71719.75
30,61136.2
48,72580.46
31,57784.47
37,51410.09
35,59040.72
46,79739.91
23,39330.12
49,76239.2
46,55959.44
60,81055.41
19,33948.2
40,68814.01
36,65867.27
48,77151.56
22,43339.25
36,60167.19
51,86928.37
27,54102.56
42,67728.44
19,53146.4
28,69199.8
48,67634.06
32,62580.08
26,75919.12
40,70241.64
36,64123.54
26,50754.13
52,86321.45
38,71639.19
26,41241.87
45,73788.13
63,77444.02
24,47125.47
33,52378.49
33,62313.42
50,66748.96
21,41101.46
21,52932.35
56,81789.33
57,73160.51
34,62860.27
54,80107.77
56,85712.92
46,69361.04
53,99395.17
55,73535.42
56,109867.96
54,81674.91
52,83867.57
24,44201.63
44,67866.93
45,67721.36
39,71610.06
31,45913.6
24,51712.87
54,67324.06
39,68988.23
22,53193.14
19,32603.85
44,78229.94
38,66011.08
55,98787.41
32,51558.35
38,88127.89
27,33273.74
40,65363.97
56,73611.44
22,61208.43
18,39506.39
30,54626.52
38,69145.9
43,71561.56
62,89649.91
38,55546.82
35,63348.11
54,87830.67
62,99963.02
49,94101.81
53,66209.85
34,60258.26
52,91933.9
28,52603.82
38,46894.62
43,61271.68
21,47828.56
51,83537.58
65,103380.16
35,55751.93
57,90479.07
52,74833.09
58,91679.66
46,75625.7
46,68633.12
55,98465.47
59,77154.91
38,64467.03
59,84056.76
30,70673.62
58,94387.18
34,55605.52
26,48962.28
58,104490.06
18,34029.79
19,28684.41
65,100328.05
46,77709.12
50,85328.28
27,57781.01
57,102565.65
38,51854.9
45,64377.57
28,58897.63
51,72355.0
25,38347.3
39,81726.76
25,37040.46
32,55589.82
34,60325.06
40,78473.09
41,54249.58
62,97723.8
36,56076.98
22,51420.89
49,71545.54
61,105778.45
18,34392.24
40,48304.16
54,78489.21
25,47909.6
30,64658.83
25,39932.68
40,58090.83
60,99684.62
18,30598.2
62,92968.13
41,67930.79
52,84140.64
41,63201.21
34,53384.04
22,49079.16
37,57232.03
38,54720.25
57,98222.4
48,81504.76
63,109740.02
53,89871.74
28,43454.85
32,59170.95
36,55074.97
24,35587.12
45,70422.4
60,99852.26
22,48599.3
22,35272.85
47,72541.27
49,77657.07
25,36487.1
27,58105.38
55,84170.12
64,85675.24
49,67222.61
65,106805.31
45,70953.5
34,70322.82
48,90177.24
25,58179.59
57,84132.55
42,50417.22
26,53703.97
19,59532.61
32,58116.88
20,28081.48
53,78200.97
21,43730.13
31,48416.09
58,69088.37
58,88817.19
42,64120.99
27,66581.53
38,66408.27
53,87356.63
29,53847.31
44,73549.87
57,75181.61
19,34478.67
30,64708.92
49,80475.7
48,74411.94
33,63489.37
49,82846.9
49,94727.16
51,82504.53
28,45099.94
27,51474.43
32,63260.53
34,68765.27
57,75479.75
35,64029.65
26,44021.96
42,65866.94
57,95166.72
31,63169.99
42,64974.78
39,65537.26
47,72111.35
37,87533.62
38,67826.87
61,86484.15
49,89377.34
63,106459.69
38,79933.37
52,99103.95
49,84461.72
47,73601.19
56,85579.07
29,52463.4
58,86369.96
64,106719.49
35,62005.77
38,73371.37
30,61412.13
38,56810.76
25,36262.59
63,85706.7
57,84986.35
63,96674.62
24,43613.6
40,73624.52
61,88978.52
49,80855.66
28,54540.65
39,80675.46
39,58998.07
60,109667.35
42,65645.2
39,56079.54
45,72264.68
46,101121.11
30,63161.64
35,66823.71
19,49161.49
46,69043.25
38,68208.36
32,58420.02
44,87272.53
48,76730.5
32,55373.79
40,58681.6
41,70320.12
61,95543.61
30,46387.29
39,70425.31
60,93865.44
54,92907.57
50,89698.94
20,44754.23
36,54909.08
40,61355.03
46,89297.02
47,77723.92
56,101169.23
61,97188.84
64,102829.89
42,77909.79
54,75014.89
64,99255.61
25,40104.01
59,88520.7
33,64721.36
25,41797.33
18,46074.7
61,81213.05
22,55546.56
20,38684.5
18,33383.06
21,33717.15
57,83765.17
52,67139.11
49,74412.81
59,99595.9
51,79690.31
60,82579.85
42,72210.11
27,53503.17
38,81252.88
63,101925.77
56,89644.79
44,80040.53
44,71724.95
19,42196.69
58,102871.52
65,84915.37
30,63743.56
26,50313.67
53,81268.08
39,62376.83
59,92029.39
43,71251.76
29,51482.38
34,55178.74
31,41957.36
31,51409.57
51,77101.64
37,65609.85
28,69304.69
33,54672.35
48,69410.15
23,41884.03
36,64426.76
54,89509.08
21,51026.76
64,103421.66
21,52953.84
37,62168.93
27,68825.12
41,66361.85
52,83274.72
43,81966.62
54,89331.4
55,68073.23
38,65645.09
57,95295.72
56,76452.24
38,71605.54
27,55521.23
55,95471.36
63,90064.55
21,53167.15
62,95676.87
37,78528.4
34,83088.4
24,61106.64
21,49044.15
46,93768.03
31,62027.82
20,36736.43
41,68885.81
54,90893.38
33,66207.63
21,36197.88
41,60451.74
51,78469.52
47,80676.35
35,67300.5
36,64330.44
48,70924.57
36,77095.54
63,87023.54
36,73618.73
39,72710.59
41,79442.66
62,90844.53
29,53658.77
47,76840.34
55,82188.82
48,79402.07
53,96232.72
36,52825.33
65,92742.31
62,88274.04
53,82844.65
47,75315.79
50,86178.52
35,62269.78
45,76423.07
64,99987.58
28,55563.23
62,100026.5
50,79021.41
34,73970.95
23,67932.96
21,50849.85
37,66223.93
65,102996.66
64,87991.74
44,74240.84
32,52549.4
23,51679.82
64,90989.13
31,54441.78
28,38624.23
56,77814.03
26,54038.99
43,64649.23
33,68110.19
22,38768.89
27,56026.04
20,37904.99
30,59083.76
60,79721.7
47,72774.54
62,87630.29
23,54665.86
34,64498.1
62,84539.39
36,61574.55
59,84621.46
52,90002.06
63,105772.19
43,60066.84
22,53013.62
46,68613.63
54,82776.67
37,64658.03
38,80132.85
27,44369.2
22,53078.0
53,74227.96
23,37675.25
43,71827.71
21,45373.84
56,64541.45
56,96476.77
52,65287.09
18,40432.5
41,79820.92
53,101273.47
23,44695.6
58,78136.41
63,105924.39
61,100121.25
48,73688.06
37,59474.1
41,63460.86
42,67643.31
53,86128.55
38,61071.88
47,72883.36
41,74330.23
61,81340.69
59,87792.51
47,62992.47
39,67667.3
45,58484.76
24,55920.08
52,71882.9
45,59819.37
31,54291.09
27,66088.86
33,65289.54
33,44221.49
48,66855.0
59,87635.2
42,88306.83
30,48488.37
23,40152.92
61,105419.44
26,52759.26
62,102824.0
53,77783.2
60,91186.91
37,74925.05
35,60841.27
60,100984.43
38,68698.14
21,36882.97
50,79869.46
44,80651.07
24,54155.33
23,47277.98
32,43266.28
35,47632.07
49,66133.56
28,49516.46
37,61383.06
41,57396.71
32,66580.1
65,87889.85
24,37835.53
38,66305.89
59,98591.24
43,88038.84
61,97860.36
31,69838.64
54,75103.55
38,82877.91
35,47108.12
22,42369.29
20,48485.22
40,55158.26
43,64183.6
54,76112.62
41,66718.23
36,74572.66
42,70534.6
38,61895.49
29,31725.41
58,93334.04
50,86320.12
21,31599.84
59,90264.22
24,50344.07
39,74516.81
50,74201.85
34,53797.12
41,65548.02
51,91475.5
45,82350.76
60,91829.24
58,97758.21
56,68250.47
39,73133.23
34,51849.87
51,95336.2
23,39086.04
63,88777.9
23,52099.39
51,86471.63
18,38029.34
27,55371.23
38,69563.04
22,49544.92
19,39563.56
39,70841.69
65,109250.96
19,32996.09
27,45679.52
51,81418.05
33,51150.21
65,83572.77
56,95944.98
39,48969.69
29,51580.94
41,75271.55
64,98933.6
57,85302.01
55,77220.48
27,55150.94
52,74492.84
49,80927.46
24,49927.34
38,66808.26
37,59277.45
43,87880.07
21,48065.65
63,93370.33
39,68914.16
32,52204.31
57,85309.56
38,84735.36
32,52260.95
39,66177.82
45,70351.16
31,48882.93
44,76168.68
58,89891.78
57,95688.22
45,80484.62
43,78805.66
19,35454.37
42,75527.69
20,49322.17
25,41831.5
61,90651.07
50,68351.1
59,96156.98
52,87720.18
23,59042.9
56,85369.61
40,71611.76
42,78301.88
60,85968.87
36,55952.28
22,40616.92
28,50805.64
29,47835.57
27,46961.38
25,57047.32
41,68429.23
45,76453.59
58,85194.27
53,78669.08
54,87084.45
38,66608.5
25,56223.89
26,61612.74
64,91268.7
32,65289.48
65,89361.55
63,112190.23
57,82109.57
35,67525.04
59,82102.08
37,63183.27
23,59965.87
29,48258.37
19,60433.49
24,48757.8
33,67405.7
20,47223.56
62,98056.32
20,32591.09
44,69017.18
60,101567.81
57,85645.43
55,87110.66
50,67620.62
45,69699.38
18,50584.31
25,39738.96
54,90536.63
49,80222.23
65,96112.36
60,89760.6
54,80871.76
21,41984.23
47,83837.92
23,44143.65
63,110060.72
36,65596.26
49,74189.9
26,58986.93
29,59791.17
28,40366.59
63,87324.23
33,58676.64
18,28931.14
62,111124.24
38,72177.86
47,76293.34
30,53258.35
51,76402.69
21,29487.74
45,60137.01
55,101208.97
48,90188.8
44,68193.78
22,53663.99
42,74451.37
20,48994.3
50,68598.58
21,30734.58
42,79860.75
37,48565.61
51,80014.45
43,68658.38
22,42718.79
52,84915.61
45,68579.26
46,78365.88
26,52329.24
55,102789.86
23,36516.72
36,63434.15
61,96650.76
28,51548.78
19,32103.4
64,106856.82
61,95895.47
61,83064.83
26,54709.34
38,79212.53
41,68909.47
51,81182.3
39,79344.04
20,36236.93
29,68620.42
45,81783.29
47,69006.25
43,66253.85
65,93801.5
38,50931.49
45,76083.77
43,64568.42
50,82372.41
38,55272.45
52,89784.11
51,87101.01
58,83952.97
64,99677.19
35,62663.36
28,65458.4
40,59740.17
65,96781.62
39,61674.53
34,61158.55
22,50666.19
61,87985.54
28,50687.15
47,84128.33
32,69258.6
44,76748.13
52,81296.3
50,78135.22
37,68785.01
33,61422.14
51,68008.19
19,47379.08
52,75515.44
57,77064.51
45,60653.24
64,95071.17
56,79067.81
23,28989.11
26,48332.36
37,60475.43
18,40400.79
25,44968.82
40,82634.64
20,48138.7
21,41203.09
42,69890.99
64,108117.14
55,93652.98
32,47230.31
38,57805.68
52,76145.23
63,92082.4
31,52436.61
53,83872.07
29,60685.77
34,68021.28
56,84585.62
26,38122.45
52,74076.72
30,51841.8
32,48439.72
35,71126.87
50,70563.67
23,52536.5
44,59344.96
40,73257.61
44,71685.85
51,93300.25
63,86547.5
55,81487.08
31,54236.54
53,82380.0
25,47232.15
52,79786.57
36,60455.5
47,59830.56
31,65146.68
37,87289.09
42,72786.17
57,79313.99
41,60923.69
31,62105.39
43,74683.76
55,83725.68
40,74027.23
39,50288.92
65,104032.5
36,65102.09
63,87632.42
20,32533.41
59,91770.62
36,74457.91
26,49375.25
45,67178.52
37,65930.31
62,108966.97
24,52250.4
31,61515.22
26,60982.39
36,66980.46
64,90552.24
31,43243.48
55,78626.78
53,74762.19
57,93674.46
34,67186.78
47,77804.58
26,41050.46
50,94292.78
42,67070.32
31,62027.85
28,53994.6
52,84069.31
58,94145.47
31,51631.84
47,86843.22
58,76963.96
21,36891.55
21,55539.43
45,78720.04
25,70323.13
19,43346.8
58,103203.43
63,80740.17
39,55491.88
58,96764.2
33,45677.06
46,73621.06
65,107337.67
47,80409.37
29,54888.76
52,78807.14
28,55217.81
63,100217.99
38,60312.85
38,68573.89
22,55027.45
65,96220.17
37,64944.98
54,88670.23
20,48410.67
61,100227.63
50,71885.0
26,46968.62
26,47264.97
21,37968.7
52,68012.69
34,34764.17
51,90763.62
41,56768.86
49,91332.07
18,47515.28
25,46754.49
62,99331.38
40,71401.07
64,87985.81
57,88280.18
29,46961.29
29,60033.02
63,89878.23
64,96026.96
32,57281.61
58,90572.63
36,76500.44
43,69672.32
46,84943.42
39,70639.98
57,99747.22
38,62892.51
55,91569.09
37,63925.86
46,51284.86
21,36481.25
24,53459.02
45,78130.12
45,63640.18
21,46962.94
39,70826.08
29,54522.68
62,100230.55
20,48740.44
39,66518.85
61,89113.4
19,51140.33
41,72905.3
51,70148.54
44,74567.18
58,80391.8
18,33883.46
25,44784.72
40,68358.99
55,88995.88
23,44328.46
39,63878.54
42,66374.05
35,70380.11
34,37976.45
29,52330.58
23,59959.88
43,75737.84
44,82934.78
25,33726.01
36,53262.01
59,94912.39
18,54005.04
46,66070.11
62,91297.91
52,85611.71
57,76780.01
31,61373.53
52,60994.52
65,101937.92
62,86439.32
37,60819.22
30,61215.07
55,89578.02
63,95536.15
25,57752.32
60,78398.59
37,66035.31
50,73678.64
43,78944.25
56,92696.54
38,71386.79
59,103963.05
60,101010.78
58,88340.63
26,51189.86
41,74007.51
54,85889.4
58,95241.39
34,42957.44
41,84246.43
38,66088.23
56,74220.28
58,82289.65
56,70165.38
30,47278.12
28,52462.01
63,107717.72
36,66485.4
28,55462.88
30,46919.16
63,89004.12
62,88424.58
18,35950.97
57,85587.7
61,90991.91
36,60487.37
29,49429.41
25,51080.43
25,47484.68
62,81635.46
29,55075.05
65,97065.89
50,67362.98
62,89669.59
43,76376.58
56,78108.4
45,64062.57
22,43800.93
25,54983.46
42,84882.62
44,78071.48
63,104278.62
40,70773.58
47,70919.07
62,99613.69
64,96115.14
40,71016.27
64,89231.76
37,68131.57
35,61035.93
35,63850.06
19,42119.41
21,42982.38
47,80277.53
50,76751.27
53,70890.49
35,47008.24
54,86275.33
36,59622.26
64,82967.21
45,74852.28
57,87649.0
37,60403.09
50,81974.47
29,65320.75
32,68676.73
58,90750.12
56,86522.32
19,44061.88
46,77672.06
58,87453.61
27,53796.34
19,30210.96
28,54250.79
30,59814.51
27,48481.26
31,56436.22
35,53107.96
26,41197.49
56,88886.52
45,68163.5
20,29785.39
37,55505.77
23,39868.97
44,78996.64
19,44232.91
46,68227.18
55,81297.87
20,54496.68
33,67088.82
47,67455.52
57,97708.21
19,42154.97
34,67196.89
58,88293.54
29,64286.63
52,73123.04
60,89956.4
18,51331.68
62,75259.13
32,58031.51
43,68451.63
54,90277.29
38,74159.31
48,83442.27
42,72328.0
40,68324.52
41,66458.32
55,87679.78
45,85677.24
38,58955.9
60,88783.35
35,61395.92
53,91607.46
52,84186.42
62,102267.86
26,59472.88
55,90736.29
47,67888.05
61,106488.75
51,92499.05
49,79308.32
20,32945.84
20,31516.01
45,76034.53
61,87586.0
32,44662.49
58,76965.07
40,64240.14
57,89959.44
28,64845.7
65,101873.77
49,75748.76
53,86639.6
50,82324.54
41,75116.36
56,86880.46
51,89489.58
45,80595.61
54,85461.6
24,47846.21
21,52557.99
54,79092.21
18,29547.1
18,29501.62
64,90429.0
37,69677.22
36,59817.61
46,76836.13
27,48437.63
35,58101.14
45,65796.29
52,81664.83
60,90598.69
64,100101.32
48,79901.58
44,71222.82
28,41551.29
55,94564.64
22,45719.65
25,50637.14
51,94003.96
65,105265.78
29,58371.59
55,85981.55
18,41506.84
48,79520.92
21,48455.25
62,108091.21
22,66186.13
47,78722.09
41,51973.79
20,36386.04
28,68091.98
62,100149.22
21,48608.37
43,70265.3
44,63287.82
63,109022.32
60,85414.32
44,78634.49
59,80394.39
23,45877.21
32,66343.66
47,74402.45
59,87852.4
54,84885.09
54,74111.98
59,78606.82
54,90513.89
52,79022.32
40,73651.88
23,56545.46
21,54789.14
35,49031.93
26,45617.37
46,79500.68
30,60424.01
64,114795.5
34,53539.09
62,103745.35
49,81778.2
65,84878.11
39,62417.48
21,47300.22
22,32765.07
54,68208.75
58,75510.06
30,58073.07
51,77322.66
62,89440.35
39,62115.03
40,56607.02
20,40348.77
59,76236.82
51,90701.13
49,92338.64
62,75791.49
38,61846.96
63,92367.91
61,91804.12
38,73612.24
61,89470.31
28,52893.99
56,111032.44
21,44309.66
18,55729.92
45,78015.9
41,64770.33
52,76634.13
30,55941.82
64,87788.22
51,74289.07
28,50215.52
53,85946.75
34,75407.98
52,78520.36
35,65692.14
57,75376.82
39,75282.31
41,55426.54
36,69587.09
54,84152.6
56,86234.78
38,63197.88
25,39589.98
45,64013.84
22,53092.16
34,60895.49
54,82339.55
53,87147.18
36,64010.48
44,66456.55
51,100887.97
28,59526.05
62,95416.55
64,92691.11
29,62422.08
38,59299.46
28,46625.8
56,100746.61
45,74245.4
22,40293.21
34,60845.49
37,71201.49
58,94570.04
63,103394.1
29,44803.55
23,55193.19
34,59367.53
36,63912.81
43,81275.96
65,103621.81
61,96008.42
61,77328.03
49,78435.99
23,41322.6
53,89288.36
55,93927.67
28,51183.75
50,74663.67
41,81650.41
40,63174.82
32,48843.7
44,66138.63
28,49160.0
34,53909.1
31,63963.13
44,55216.69
35,54939.52
45,73620.02
64,98481.97
64,110334.68
21,57561.9
24,35994.1
62,79135.62
52,82599.77
65,92614.52
26,41663.79
25,50128.97
62,96245.58
34,54088.25
34,55807.32
50,73903.67
49,75508.07
25,54331.55
36,54576.75
55,80874.52
20,40805.74
22,46345.98
30,58207.88
64,113138.06
63,100177.01
48,82367.45
33,57467.1
49,70961.07
39,62574.29
46,69517.34
39,69937.85
60,78789.75
20,48740.27
27,51462.08
59,96666.79
38,59808.73
33,52389.04
29,51546.65
19,39354.81
58,96050.79
41,75574.44
52,97640.18
47,72436.06
47,49619.6
64,93524.62
52,84245.26
36,68916.25
25,52428.83
43,67629.78
57,102113.31
24,40530.11
47,74202.84
24,40160.72
20,44156.61
18,54312.05
53,82472.59
42,69321.6
54,71232.3
18,39304.06
32,67603.9
54,82798.11
30,53457.68
57,97245.72
25,47491.49
22,56736.43
26,40922.88
18,47022.83
53,96770.63
52,90462.86
19,27861.81
57,83293.57
40,66064.39
26,59279.64
51,70547.06
63,87448.51
31,44358.79
21,38593.6
47,66387.15
48,90383.25
55,80820.98
28,59127.4
52,82543.76
25,50031.69
20,39268.45
31,63360.18
30,57234.75
62,95173.95
49,74052.64
51,77761.79
62,99111.29
36,65040.44
55,86987.78
33,53567.66
19,58352.86
57,84562.35
34,60557.98
51,79703.73
59,106437.69
33,57273.48
55,82941.26
19,43746.49
19,37251.67
43,72492.8
30,74972.83
64,99197.56
48,79705.97
51,75456.76
56,100873.66
20,59512.26
25,56821.44
40,73230.67
31,55321.88
44,75930.7
46,68518.74
56,78191.09
56,75301.12
18,44885.39
34,49773.0
58,85602.92
47,75910.16
30,63962.32
38,60974.24
36,72106.18
36,70713.27
42,61829.53
39,75782.6
48,75331.35
34,56808.39
40,65765.17
49,78771.95
27,49079.64
27,45682.47
53,77589.96
25,51111.54
37,63116.29
49,83018.48
31,57618.9
45,74616.11
63,100342.5
41,80551.34
32,70072.18
39,77523.25
47,83363.59
21,61883.28
30,59502.59
40,70604.37
25,67951.37
35,40192.25
29,53088.83
48,87619.97
31,65042.1
51,101725.21
35,62859.89
51,77753.46
28,50943.32
58,92144.55
29,67773.18
32,71473.13
48,77151.88
46,77224.07
43,66707.19
35,57942.28
49,87170.06
39,79617.69
55,80421.73
34,62743.65
40,66055.38
41,76110.97
25,46891.87
58,74188.36
23,55629.53
22,43972.13
61,91604.45
46,78684.7
45,76822.67
28,57248.97
18,28562.13
60,96450.47
36,47927.55
26,57356.52
44,81747.05
51,70251.84
61,95827.46
21,53657.43
53,80007.97
35,67389.09
32,36116.75
30,64785.57
36,63439.95
23,45537.36
65,105872.33
29,68634.32
54,88685.73
34,73669.71
40,55573.73
43,76927.59
46,74143.97
50,73694.25
44,57370.55
42,75294.3
27,59402.32
64,107536.18
40,77411.92
38,59426.32
38,75925.64
60,103170.78
30,53920.13
54,85027.43
50,72526.77
41,81047.09
61,81105.7
28,57879.77
34,56025.37
21,36337.18
64,81802.17
42,68676.75
47,66283.32
26,51651.36
38,79754.7
37,65996.06
36,79178.24
36,55341.81
29,44552.47
54,76583.88
59,90279.2
34,82583.59
54,71503.08
65,102957.3
56,81600.28
45,72209.58
58,79535.84
52,89433.11
64,96448.6
65,106699.63
35,63401.96
31,41747.01
52,91172.34
61,77095.99
58,74640.78
24,41462.38
58,82369.16
30,67168.17
35,60630.75
54,94779.08
30,51456.66
53,86141.17
48,81392.34
19,48368.52
33,55880.59
26,48177.16
26,48814.96
55,72780.7
28,52928.79
39,63730.53
50,84640.58
53,84330.41
62,105091.05
40,68560.71
62,89902.35
62,94861.58
51,86993.34
26,37014.34
41,63478.01
25,44446.59
24,52087.92
53,87818.29
35,62809.82
20,24170.9
45,60784.65
23,45688.55
61,89188.24
61,93242.96
38,61844.81
45,86253.14
57,70048.47
18,44021.02
53,90224.08
38,71212.31
60,98298.18
52,89848.93
30,51168.16
27,43588.13
61,76922.55
64,93899.18
27,46179.74
63,104892.87
30,53699.54
54,76556.75
55,76491.72
41,85110.56
19,42623.31
39,60547.96
34,61792.33
53,98775.11
31,54082.55
27,57896.09
52,91891.69
42,55268.61
20,38892.7
64,105288.69
55,80405.57
34,64117.0
29,48732.15
41,65635.58
46,70661.09
60,97093.36
42,72012.64
53,84390.88
43,91659.96
55,99917.58
18,25750.05
37,60852.72
45,93411.71
33,55003.28
64,113501.97
34,57389.39
57,86528.02
45,80908.57
29,54078.34
44,76757.0
59,103399.59
64,102870.41
47,77532.26
58,102988.21
51,88213.5
54,78931.65
23,63440.6
24,53938.92
49,77090.59
49,62633.46
42,59379.39
50,93601.08
24,62717.32
29,55482.27
33,45438.05
33,50904.2
60,79009.85
53,70319.11
30,72214.42
24,65279.34
53,74633.22
64,96730.12
26,40921.63
49,78678.1
28,66714.43
25,58629.75
50,86469.3
40,66446.56
42,80495.74
25,55173.35
62,97631.32
39,65876.73
21,47746.98
57,90706.01
20,39668.55
46,69000.67
58,81624.74
46,67737.1
51,79695.18
51,78378.52
45,69034.13
30,50441.75
32,60735.04
40,79020.86
61,93112.67
43,70989.35
21,37720.91
43,69815.44
57,97922.69
26,59499.69
22,54143.79
49,86286.95
37,67893.86
28,56809.66
32,60358.0
49,75464.92
45,74669.6
39,68524.8
58,94665.35
34,61602.05
43,88441.29
61,83521.5
24,54835.81
59,90470.05
43,71617.17
42,63899.39
27,60554.75
62,99622.73
36,69869.1
28,54953.96
30,53400.84
25,49467.51
57,91867.73
21,29155.39
64,103783.46
48,97009.54
45,77842.68
28,51352.59
60,90710.12
18,47260.34
64,94733.69
55,92949.4
41,67806.87
64,110513.47
48,91092.77
58,86958.64
63,94951.81
43,71421.05
22,46328.27
37,56820.57
58,80901.91
28,63598.06
50,88718.3
55,94580.17
44,72244.97
51,96336.09
32,58220.25
49,85703.01
38,54491.02
63,93762.12
22,45153.43
23,47076.1
55,75396.01
39,72431.05
35,70228.88
31,51249.12
27,43221.27
63,89448.47
30,59963.99
48,72827.17
47,75327.48
20,35412.31
47,92234.29
23,48185.59
46,84397.72
25,53945.36
61,92864.96
62,93650.7
60,86198.05
61,89596.29
50,71937.58
34,51865.07
65,114691.0
28,55831.3
30,67725.74
28,47247.5
48,67587.17
45,66177.77
61,89823.42
23,47892.0
58,88392.51
33,53414.47
21,45901.72
52,83803.09
65,103618.21
43,83363.46
29,51888.85
28,63323.84
54,85327.5
42,58181.45
35,76266.17
36,81380.29
40,72952.77
55,86718.28
35,59828.76
43,67888.42
23,57285.61
21,45061.81
61,106591.52
46,75478.9
51,77901.23
34,55989.6
60,86050.27
60,96113.17
33,49244.05
19,36253.3
51,91795.86
25,42363.61
30,62901.64
59,74295.91
25,61600.7
47,66238.15
49,71788.85
53,89042.74
64,98963.27
47,83559.9
18,31373.9
60,89705.56
56,82263.37
34,51918.49
37,69167.18
41,76744.41
39,64105.07
46,87381.69
39,60514.4
61,105187.74
26,55697.91
54,75011.46
27,68252.19
53,80044.18
54,94440.94
45,75165.19
45,76995.53
59,98009.65
60,98766.81
38,62862.83
41,73453.32
59,94452.8
57,90108.49
19,41173.47
25,51692.52
65,113740.33
44,70439.78
39,76452.7
54,79842.91
44,65749.48
46,101411.19
20,48320.19
61,97740.11
30,60761.82
62,105658.4
27,55662.48
53,90129.77
26,42731.45
44,80671.39
51,79305.92
18,46973.94
49,65079.04
42,75441.44
46,57264.83
24,46592.68
20,30355.59
37,69464.29
37,64954.16
47,70233.7
52,93875.26
52,75226.67
56,62950.45
44,76909.08
43,57467.21
31,50279.92
34,56661.23
35,50608.05
62,90450.18
46,63957.74
37,65699.07
44,62970.04
35,62241.17
21,54496.06
18,47858.98
18,40946.31
43,63690.1
62,95673.42
37,58834.25
40,69608.99
27,38677.72
28,60058.09
58,89865.73
58,107268.13
22,56848.49
18,46129.5
34,59808.06
39,60963.17
51,88739.27
62,92564.24
58,98946.92
46,78406.59
21,48463.98
22,51156.21
28,46242.98
38,57422.91
52,73946.32
29,63179.98
43,64034.23
36,56630.72
62,98700.14
24,46783.61
64,93761.65
24,45067.56
43,52994.95
57,80664.95
22,55852.51
38,61284.82
31,41996.08
21,37136.05
40,70878.83
59,93520.28
37,62045.76
32,52886.37
62,83182.43
46,78145.48
25,56702.96
58,99911.04
65,89115.3
36,74124.18
65,97547.1
56,87412.58
63,102748.74
45,69672.37
63,78289.58
44,78438.89
21,47988.57
32,55517.79
52,87380.25
54,91415.55
18,29503.95
20,44180.1
64,78579.5
41,68210.45
44,69818.06
57,92335.27
53,75015.56
51,77828.11
46,49471.54
41,73660.03
41,68492.8
59,91497.93
21,33252.55
20,47184.5
51,94422.0
40,66520.7
40,73200.71
62,87435.03
22,45785.15
48,65349.28
58,95904.97
23,48878.72
54,75045.71
27,45985.1
57,88888.69
24,56190.92
56,99036.22
55,84927.0
38,54682.81
37,66307.72
20,58279.06
39,53818.01
64,89163.23
21,50087.71
45,75228.79
29,50439.84
55,87760.91
53,91420.36
64,96013.31
58,88111.94
22,51112.19
30,53835.88
40,77140.19
47,92613.92
54,77656.46
42,60399.8
65,100973.75
44,62515.96
31,46779.38
65,81606.35
64,93741.98
53,83336.08
56,83061.1
33,70722.67
39,77327.1
38,81030.75
38,65972.23
25,59470.55
33,62070.82
48,79267.06
59,87060.91
27,34294.83
49,83898.33
51,90433.09
26,38995.06
34,60722.41
28,61533.18
49,75924.01
27,61944.83
39,65677.74
34,56598.73
21,55202.3
65,90529.97
64,91000.77
42,63235.63
38,56459.24
54,86024.27
55,81896.52
18,45508.9
42,56522.88
53,74619.62
34,61212.63
58,101357.44
41,72228.02
19,38084.88
57,76483.75
32,53217.23
49,78460.13
56,68338.46
23,37893.04
18,35699.55
64,94740.73
40,67565.31
56,82313.06
34,64846.99
51,82197.66
58,86639.49
46,80350.2
26,55695.52
30,44369.61
23,47343.78
23,54722.08
37,72859.91
20,46967.27
34,58933.69
29,58170.56
65,104462.19
64,97726.66
62,96228.83
18,39601.57
34,50105.72
20,42605.09
43,66183.09
32,53008.63
53,95070.68
49,86412.46
49,65252.01
21,36520.97
35,59091.5
36,58074.94
60,94539.35
52,72451.32
57,96068.26
31,56847.96
50,77275.9
31,57085.44
51,77859.94
21,28954.86
41,69295.41
46,72634.03
36,55564.34
23,56379.44
50,85355.5
57,107910.85
36,69878.63
18,36452.52
22,39153.68
44,68845.56
33,54266.97
23,48470.27
57,76089.62
30,61178.29
65,98729.57
52,86659.71
36,54046.83
29,56773.51
33,69993.41
60,85115.94
27,45297.15
42,76095.66
37,56647.59
48,75733.73
21,57005.86
61,86210.65
40,80355.54
19,40113.75
39,57830.39
54,89629.63
25,50861.99
24,48905.44
31,51050.25
20,44803.62
33,43058.96
36,64950.12
35,72377.99
33,45476.57
25,46745.8
50,73002.88
29,42711.57
28,37177.0
22,36953.31
44,70860.99
29,63993.1
34,48618.28
23,49955.14
50,81757.13
22,59775.7
45,78568.25
31,62228.8
22,51994.4
50,72606.14
65,93417.42
58,98534.95
36,46793.6
39,61341.51
22,35753.53
19,44673.95
47,73027.13
64,101807.76
56,86328.04
21,32831.26
50,68001.06
30,55951.61
37,58230.92
24,44538.93
32,65907.32
40,74072.26
31,71581.87
40,65469.32
36,58070.83
46,78545.51
37,59913.64
46,70975.51
41,67583.19
35,75221.99
27,58031.73
58,96070.56
25,62862.83
43,78820.26
46,66148.76
27,59499.06
34,68914.04
19,48014.92
23,46036.47
22,50770.65
45,73838.08
58,81775.29
22,40562.93
35,67629.78
43,64353.44
37,57907.57
58,95627.08
44,73870.31
29,59417.55
24,38967.86
20,48395.44
27,47119.77
51,73064.93
42,66357.24
52,93296.52
33,56684.37
19,60411.13
41,52702.58
27,40029.78
55,96593.48
39,79404.84
43,64692.34
60,92551.15
56,92897.52
44,70964.99
46,76398.94
64,96887.46
55,74148.42
37,61642.71
44,72898.92
58,90424.97
37,50555.95
61,99229.55
36,64235.95
37,55956.91
52,96792.51
64,94027.32
19,40546.82
47,81533.67
51,96272.01
39,72248.32
20,50608.88
23,39587.03
32,59095.68
44,68541.91
27,58033.04
26,57575.73
50,93065.84
49,61533.26
65,92955.37
23,58001.99
58,78387.76
53,90045.21
19,51872.0
46,74973.28
21,33828.28
18,40627.84
36,74869.45
43,83912.14
42,72063.04
27,44582.1
32,72307.18
39,73367.38
65,90707.92
38,68340.15
39,69173.99
53,78505.64
51,83984.85
47,85249.49
42,68030.01
62,104066.15
45,59957.16
18,59346.14
62,94858.81
21,53784.17
24,50548.89
26,44611.82
53,83308.99
36,47924.23
18,47107.1
27,53950.12
53,82067.54
26,57221.6
62,94700.19
63,100454.64
59,98498.53
49,74406.17
49,72116.72
23,33819.52
65,98980.49
55,89616.78
34,50211.08
27,63763.04
44,66221.32
52,65572.0
38,77558.58
42,54615.88
45,81713.43
64,102568.96
32,60956.43
21,41017.8
46,79222.38
26,59587.88
44,64913.52
43,79410.99
36,70647.0
45,76344.41
34,56496.2
60,99483.66
58,93666.5
59,82672.32
37,61461.15
62,100952.44
57,89316.64
56,95887.86
40,65266.83
64,88800.84
49,96348.82
64,83352.84
50,76001.28
63,97837.98
22,54288.67
60,97171.59
65,116490.07
51,80259.21
57,81416.13
28,51842.43
20,41440.19
50,79453.64
28,45740.1
33,65872.45
35,64966.64
47,66288.95
65,105744.2
27,45908.15
35,52537.48
55,86698.63
36,49137.25
53,88316.02
30,33289.28
63,87365.1
20,56601.1
27,46906.73
55,81907.32
18,51789.32
44,66457.09
63,101707.51
25,59393.51
63,99428.24
59,79240.82
34,55968.11
26,72908.96
23,43675.81
60,115890.64
42,84071.71
56,91352.56
45,76377.87
50,76281.41
54,84088.7
26,45690.21
35,61490.99
38,54702.44
19,31473.83
60,102408.13
55,73101.52
57,95489.11
53,68444.94
60,97037.1
54,83139.33
32,68970.53
45,71344.04
35,45923.68
51,79695.71
39,68077.28
28,52544.18
30,60600.86
21,40684.9
39,56692.77
24,40802.81
60,87873.86
41,65005.21
21,64448.98
45,84040.84
32,63893.67
18,45168.1
20,46398.18
31,59640.0
55,87306.29
18,41920.95
55,69265.09
55,83046.98
38,63677.59
65,92008.22
46,70751.22
22,48805.99
27,58540.72
45,76393.89
38,71539.55
24,54880.86
20,41602.36
62,98602.46
64,82829.02
37,61325.4
36,59185.19
52,94650.61
21,47896.7
22,35724.37
18,46356.67
21,52478.27
29,54082.69
44,78322.05
59,70834.34
40,46405.42
42,60970.65
38,66792.32
41,81457.31
42,61388.58
62,87570.58
63,96308.85
49,74861.45
49,74406.47
22,43028.2
53,94118.31
63,104529.07
59,90987.75
59,104035.84
56,91272.23
33,68831.15
50,73115.63
38,60370.58
26,45884.94
23,46906.22
62,94879.31
52,84993.42
56,102984.84
39,72570.23
58,85481.67
22,46373.8
59,102839.54
40,74255.04
34,72734.26
29,50938.53
40,62306.71
33,54023.64
20,40784.11
47,67893.74
39,69161.54
26,53699.1
46,85910.22
64,82717.9
54,77246.98
40,74444.64
30,57467.78
49,79158.42
63,105710.83
64,88720.37
65,92170.16
40,61227.91
62,78296.74
34,61862.54
57,84217.18
38,59736.79
19,35492.6
54,84658.03
23,41211.68
61,94972.54
35,65673.44
47,74043.38
39,63900.26
50,81483.93
47,76169.2
34,71441.27
60,94546.12
49,87564.69
59,95684.09
31,46652.65
27,47933.88
64,96415.22
53,90547.55
51,96622.5
26,47326.82
59,91242.05
45,80399.29
28,53137.38
31,70352.77
56,76417.7
64,102224.16
36,68545.71
32,67616.31
45,74496.41
41,76332.17
25,48006.89
60,85588.87
26,43622.38
64,85268.78
50,76469.13
50,82491.91
36,61534.94
20,45583.73
27,62279.03
57,84260.11
64,115522.37
59,96841.94
18,40024.59
46,73443.18
51,73134.96
30,55794.26
18,24307.23
51,91246.13
46,52667.11
65,98334.01
64,87648.09
30,50390.57
65,93422.78
46,90605.01
56,78373.99
41,76514.08
43,80883.21
34,42092.57
24,43877.18
30,67875.67
22,35881.81
43,81186.21
20,43857.07
24,48311.22
56,87755.93
18,44340.57
34,53154.89
60,89916.64
42,73364.79
20,45415.09
32,61193.8
46,69450.5
60,97058.39
49,79811.81
43,58954.4
33,55349.03
42,63235.96
45,66732.98
26,47388.16
18,46507.78
46,70185.66
39,68600.46
33,60089.3
58,83367.58
61,90441.48
58,96518.79
24,49998.45
31,61590.62
46,85379.97
36,66679.5
36,47834.49
19,44964.78
58,84655.11
62,108882.42
32,61594.16
20,39220.49
28,58132.1
63,96326.33
47,62656.34
57,95304.49
35,58755.68
65,109364.95
19,41804.55
49,90314.35
25,53399.19
39,74592.99
23,43665.44
29,57624.05
64,82990.12
57,87383.7
53,71723.75
32,49256.18
45,66873.57
62,99683.37
35,60821.12
19,43051.42
30,54603.3
62,103045.76
32,58432.34
37,66390.7
46,70637.97
59,99995.27
46,84995.11
20,43704.89
36,58525.64
20,31072.19
31,50251.23
57,71063.28
21,37914.86
28,56455.76
48,77196.8
60,110586.14
49,75831.55
44,69206.95
47,84902.16
60,76584.51
19,30945.86
26,56510.73
45,72436.61
48,76220.03
51,73702.79
32,60318.16
65,91535.81
42,70981.95
53,74332.13
25,48540.82
26,67398.95
54,81400.51
65,96945.93
62,92779.82
56,88596.25
49,82545.22
34,62857.9
52,84634.53
54,83353.33
36,64002.32
61,91488.36
46,60701.13
24,69844.92
45,79825.38
26,43365.45
45,75840.48
23,36830.87
46,71246.39
34,48944.09
33,59190.52
40,55349.16
48,80707.38
20,49457.77
38,58984.16
43,72887.15
53,76560.29
59,94893.85
54,79291.06
39,73111.76
59,76307.27
29,46760.19
59,81929.47
30,57626.83
28,58040.72
33,61845.1
25,45928.19
57,66039.3
57,88709.62
62,100704.39
19,64244.07
47,73004.84
47,71077.48
29,57362.04
27,50350.73
61,103402.99
28,47134.49
32,56409.22
33,66609.7
34,63266.91
43,80889.66
19,39307.47
29,64906.28
43,58289.28
40,55009.56
35,72232.32
49,78858.8
55,93366.53
64,97595.77
20,43943.67
55,75375.83
20,43785.28
47,87292.86
18,42053.36
47,81856.63
62,99634.99
49,70698.34
45,80857.04
38,63090.17
63,93522.78
30,72781.56
44,77578.43
53,78491.98
24,49316.3
39,67092.96
27,65888.75
56,87515.68
32,76063.99
32,48026.14
21,44941.18
49,72697.16
40,64041.37
23,43815.03
41,63509.55
37,78241.37
54,96180.48
37,67621.16
29,51005.18
50,74534.14
45,79934.47
25,52401.21
18,40441.39
54,89129.54
39,73928.56
23,46367.68
38,59301.39
49,68231.07
52,84405.05
32,75737.97
22,37514.69
63,104395.75
65,92595.55
23,43807.75
42,77719.39
63,93557.93
57,90386.08
46,77032.76
24,43408.42
57,95560.78
30,55507.34
55,74891.92
35,54860.13
19,17866.78
25,50415.94
28,64032.53
50,71622.8
55,90684.31
65,101444.54
44,66784.98
37,76692.27
29,52618.72
60,108082.15
48,64514.57
44,70646.92
49,77597.98
27,52075.1
20,49730.65
62,121585.02
44,76440.53
52,82593.92
48,68830.4
32,43279.15
33,68962.09
30,51625.73
52,103233.27
28,60545.69
38,68332.48
28,56753.03
47,79631.81
65,92443.46
52,68387.98
39,62394.52
55,85853.15
48,72417.46
31,46911.33
41,63214.32
49,87085.86
53,89585.57
49,80171.28
32,63096.78
60,82944.53
52,76036.6
20,46488.12
33,51563.93
22,47267.19
38,55499.8
27,39203.1
36,69088.63
42,78616.37
21,40153.43
46,63036.3
36,45533.02
60,106736.0
19,43691.13
27,47536.05
60,89088.71
42,55093.34
37,69359.19
65,114000.86
36,56937.94
40,87067.66
41,68268.76
28,66934.03
63,98057.77
51,83649.05
45,88751.41
22,52661.63
22,49398.78
38,50069.31
29,42742.33
21,48868.44
59,102542.27
37,65427.61
55,81269.56
42,55686.64
31,50931.32
28,54647.85
49,71948.35
28,45884.43
35,61591.06
44,84387.29
35,67477.76
40,70286.97
28,55107.89
38,70009.41
61,92318.95
22,43111.35
40,73905.55
58,87796.84
42,60891.22
58,101146.4
27,37440.58
39,78946.58
36,67251.64
18,33846.79
24,48994.04
21,41769.09
18,48061.81
32,64703.45
57,92090.91
29,60771.06
39,65881.34
39,80893.4
64,106588.86
34,56983.95
46,81686.89
63,101388.66
31,55121.91
37,61693.95
65,107716.06
50,79882.45
60,94081.38
32,69608.83
29,75066.71
57,84187.0
37,62632.8
47,76992.03
55,86773.89
20,47010.84
45,70078.57
43,61470.47
47,90430.6
30,60896.66
30,52651.71
19,46296.9
54,99463.6
55,79695.83
19,44489.12
53,72481.08
43,70653.27
28,58532.76
25,41082.21
61,91702.39
57,94799.42
60,96713.6
39,57538.95
37,67390.2
25,54469.75
46,76063.88
57,97114.71
43,66884.42
47,79699.88
34,51478.4
37,51594.99
33,65848.63
63,95764.5
60,88292.66
24,40278.75
33,66216.82
62,82335.89
64,104743.02
65,101607.98
44,61137.67
40,69007.69
41,90429.8
26,60715.35
52,75775.78
37,70133.65
54,73472.69
59,79829.49
34,60261.55
64,101213.22
48,84090.64
25,56601.47
32,62358.0
48,64688.07
47,75912.55
63,103349.46
37,67946.33
56,88656.85
29,57433.81
34,63300.16
59,75080.82
47,85639.13
46,74315.74
36,68860.69
63,77154.84
28,66887.94
51,71948.71
24,69130.73
61,110153.92
51,70600.67
37,70936.29
55,77862.31
41,64084.75
27,47465.34
49,82383.45
32,60997.09
54,75187.27
37,67919.61
20,42367.13
54,70235.58
57,84927.74
25,63283.41
57,85197.75
61,78515.71
40,74515.73
57,80979.92
28,55315.43
63,94224.11
25,64093.36
46,73829.73
47,67243.29
27,48649.22
56,77369.79
45,72325.88
53,97758.33
30,65987.74
49,95129.52
53,87434.0
54,85944.8
43,63613.66
39,68957.34
21,44157.11
48,83829.02
35,53021.96
55,86421.46
41,56612.02
40,70700.9
39,72206.02
19,29827.92
48,66881.98
28,43232.16
45,72579.0
63,84420.12
49,89827.92
22,49889.22
55,90792.32
27,39687.62
57,98745.42
63,100796.88
41,63741.23
52,70065.86
61,92590.98
65,94268.55
40,64600.59
34,55156.54
18,47371.49
48,56795.4
48,89039.42
59,98784.93
59,92485.48
51,80047.32
26,59864.41
39,66461.93
30,53772.56
42,79509.74
65,114747.17
35,54231.95
29,58198.39
57,79708.86
34,64813.12
32,52174.55
59,100492.39
32,57599.04
32,58771.83
56,100248.92
30,50135.98
34,66278.74
49,73732.37
26,60770.38
57,102694.04
37,62296.74
43,54047.28
44,67294.9
38,85061.09
35,57263.09
30,70168.17
33,54749.71
26,46152.01
29,61033.5
61,98474.73
55,92817.39
36,63239.28
24,57074.88
52,90092.0
65,107192.22
35,57011.53
33,67869.03
56,83029.31
21,43943.19
42,68978.98
49,70815.17
57,74515.86
30,65789.79
62,88782.0
34,58642.08
54,78954.27
23,45546.76
36,59152.78
30,66232.67
43,66875.97
31,70916.43
48,86714.17
21,41404.42
56,89758.49
25,54154.77
42,77132.86
30,63523.74
49,80293.06
55,78364.62
55,91127.11
45,72107.95
47,54086.36
20,47122.23
45,68127.12
20,40332.9
62,94448.17
51,68770.82
33,60712.33
39,64266.34
49,71782.24
55,86369.93
25,36478.43
25,50605.01
23,51364.79
31,59641.99
49,85111.07
52,91722.82
27,51749.22
20,52763.6
29,54119.32
48,72004.31
46,72058.0
22,48535.82
42,79081.42
58,89611.7
48,72210.75
38,77154.08
37,52921.47
56,81862.36
39,73942.28
21,59331.66
30,59845.45
62,96399.1
59,88473.08
37,68784.57
30,57034.94
34,54763.75
53,81128.05
50,73060.43
18,41708.92
32,59694.72
30,69075.07
34,56020.82
41,67753.79
25,60073.45
44,87240.71
62,98197.69
40,65971.49
63,91815.86
25,35255.47
25,42577.85
43,72412.5
64,95352.11
30,60987.26
56,85638.38
54,78991.54
45,76730.75
42,90442.12
33,57061.21
19,43911.1
35,68775.4
34,56227.05
47,86582.06
56,74567.68
30,52738.18
49,76310.23
46,76409.26
63,79828.15
47,87221.92
35,65313.74
30,64982.65
60,104904.29
38,59675.49
47,56445.17
38,74770.93
65,95708.94
34,51734.65
57,93010.4
36,82908.46
32,57528.75
26,58808.93
27,44499.98
61,79705.94
48,84911.52
40,72368.59
47,72674.38
50,93649.75
26,37084.09
64,86959.76
18,37257.06
61,90348.82
52,94122.84
28,53993.58
51,79656.37
33,49439.95
26,59893.07
49,69706.87
32,48203.11
29,51597.93
50,81305.55
62,88638.86
31,62856.14
25,47736.19
25,58422.15
44,76840.88
29,69131.83
18,38062.17
60,98751.77
57,74105.51
59,113933.27
28,59951.57
56,84829.54
60,89927.0
48,75623.82
34,75520.29
50,87188.4
49,75253.45
46,65289.48
38,75168.84
38,72308.39
57,94050.97
40,67330.04
23,45203.06
39,80281.79
55,100226.15
54,89921.0
62,102158.73
25,51888.79
58,78640.11
52,74562.06
28,62769.46
41,79389.64
38,74033.02
19,45568.42
57,97130.39
36,62734.9
56,92171.12
45,72362.54
34,52345.71
23,54516.58
36,73401.0
55,105791.67
45,76112.23
19,34417.52
55,83372.47
54,83712.87
21,46387.98
39,70567.01
43,74503.75
60,98216.66
53,85179.38
30,38197.63
49,80617.07
34,61493.85
58,94002.13
53,80708.14
63,97388.21
36,67649.94
52,81119.66
63,101006.96
57,88961.0
45,75253.27
18,18218.33
59,81648.9
35,52870.67
65,99730.66
57,98573.32
50,79052.68
29,61586.39
25,55186.02
41,70319.15
33,64191.81
21,47167.55
55,84861.76
61,96328.64
44,84373.05
26,54981.99
64,98543.77
33,52580.4
29,66127.0
48,66343.61
41,55551.5
31,60171.69
62,87353.92
42,79112.79
51,67730.35
20,51694.45
41,75767.86
59,91744.13
26,34403.43
43,57813.58
37,66319.48
57,86537.66
27,58218.64
36,62654.27
20,42758.55
41,49789.46
22,52979.46
20,38806.83
44,69614.35
33,51041.77
32,46076.71
52,94177.1
29,61163.9
58,96095.96
61,91467.92
43,57696.62
64,113616.36
51,84578.33
40,69094.31
48,74726.94
37,48043.55
29,63932.47
40,59538.37
21,49572.55
40,74166.67
65,100673.26
65,101759.79
18,52368.96
42,64060.68
19,44116.02
47,74599.16
20,29283.48
38,67890.67
42,80410.0
37,75410.67
39,81659.82
38,51410.25
50,93029.02
55,87478.72
32,71204.5
63,92441.74
32,54153.6
63,85877.82
42,76607.82
38,69715.81
41,60263.92
22,29086.91
23,50921.96
60,96233.36
65,90104.39
61,83697.37
64,102046.95
40,82851.15
21,41240.08
44,65762.89
35,64390.87
38,70682.02
45,71085.68
52,98600.73
39,74013.48
57,85349.83
40,55260.14
20,54555.37
57,97935.45
27,49977.98
42,73204.6
25,48796.24
28,57764.79
22,38200.4
62,85059.85
54,91286.91
62,101900.92
55,82073.66
46,69207.03
22,55580.53
26,45477.9
65,98443.29
19,42228.68
18,29864.75
57,89936.91
47,77155.26
28,56481.53
45,75265.85
61,110285.5
29,64093.43
56,87510.47
43,72641.91
30,70108.95
25,56904.7
45,64167.98
47,83991.59
26,61142.41
56,100141.74
48,74388.07
38,61804.4
64,89265.48
51,83665.02
48,83462.94
42,66293.37
29,53665.48
18,25170.26
39,78875.59
57,75880.19
54,87798.24
64,98706.04
18,41966.46
18,42150.38
59,82705.75
59,88175.48
38,73351.61
32,68521.24
34,57432.79
39,54316.64
55,79770.61
52,97221.58
62,88646.84
33,58822.37
25,61327.3
64,92584.83
34,59475.72
34,67155.99
43,85294.45
30,50835.59
34,71936.76
55,83747.77
34,53712.57
65,99996.45
31,47939.46
62,98176.09
23,72797.18
52,91244.81
63,94760.8
31,65617.62
64,89347.83
25,43890.6
32,57782.68
44,73502.25
30,45653.58
48,75148.18
52,81243.29
23,59935.78
22,36053.24
39,55711.61
40,69405.67
42,79607.01
51,85612.74
43,74021.42
64,94491.14
22,51808.84
43,78215.11
37,62341.51
23,40011.0
23,40063.02
35,69029.87
21,32845.81
34,74216.47
31,53550.99
31,59676.26
30,61613.68
24,43330.51
61,89520.82
32,59455.76
36,56370.23
60,83458.87
64,88977.74
61,102873.17
52,85583.4
34,54454.66
52,89382.08
36,57297.96
37,48796.7
53,89174.47
52,95569.85
49,83264.32
65,82901.3
61,93011.56
57,86203.38
41,72225.7
34,54021.85
24,46132.18
60,80639.34
18,43374.17
52,71336.83
49,82299.4
53,77595.62
30,30868.68
23,53950.07
31,61152.32
54,95623.54
65,81279.05
32,53163.6
64,97852.74
21,49773.65
57,76696.93
33,63051.68
45,69425.78
33,44759.37
21,39194.55
62,98515.02
43,57093.62
45,79096.41
49,81067.02
62,92369.13
19,29718.42
48,65160.41
20,40812.15
25,41000.48
41,66529.93
32,65649.46
60,89815.83
48,75196.44
26,48802.78
56,95307.22
62,104746.96
19,46175.47
25,51092.73
24,50636.5
61,104623.62
56,91010.02
59,102979.51
33,56247.32
52,71715.45
47,71047.52
27,47897.62
55,98836.22
35,67891.31
22,41300.35
46,81667.29
56,86163.35
51,94276.41
60,89330.39
62,82088.89
40,66505.99
22,43734.77
47,65654.19
23,52287.29
63,106997.75
61,84220.13
21,52981.68
46,70346.95
40,67802.25
23,46561.82
49,78602.31
59,94584.66
35,53806.54
32,68746.4
57,92428.34
49,85484.66
26,44959.47
54,75881.81
27,61861.71
37,55138.01
23,48794.44
65,106151.97
20,42985.58
59,100160.62
28,51427.53
60,81780.66
34,63793.38
49,80386.37
21,66703.81
21,37639.13
34,58785.22
58,83753.08
36,62060.12
22,44937.58
49,71821.6
39,70545.9
23,45886.85
52,93163.86
39,61611.54
18,56490.98
37,66606.99
39,76970.67
65,98923.63
28,47354.76
30,53891.83
59,79705.85
20,43107.73
26,52576.74
29,55165.78
40,78641.26
31,56006.93
50,64848.05
35,90352.52
58,84075.13
26,58949.96
40,55966.03
27,54361.7
36,56843.63
64,74218.92
22,44137.52
64,96399.48
40,66248.91
47,78344.91
42,68243.94
45,74553.2
51,82560.9
62,94118.58
65,96633.79
64,89650.77
42,75155.56
27,50136.02
31,54289.39
59,94898.35
63,97295.66
47,70814.24
58,99605.27
42,60886.21
31,48948.2
52,87746.83
65,112009.08
51,76580.78
27,55702.57
52,72861.09
28,46168.12
28,62657.59
38,68526.1
38,74905.84
39,75490.47
62,77683.6
24,39232.37
34,62995.81
19,29223.28
29,46365.56
59,102215.74
35,57667.47
28,59282.39
33,59374.65
35,56560.51
52,69086.33
43,73466.42
33,71236.84
23,42387.78
61,93748.79
60,79841.69
64,91422.6
64,99527.05
65,103949.73
59,95247.59
29,38547.59
30,52344.52
21,37461.75
56,84727.77
19,41910.47
43,80130.82
44,75161.9
44,84142.66
32,52803.92
25,38663.39
24,60441.94
64,100267.64
63,89653.83
57,91902.58
29,61482.08
30,56953.53
60,86167.71
34,57269.9
34,63124.97
53,85191.1
38,75298.08
25,47792.72
22,38689.92
43,92216.43
33,60995.91
53,90274.1
45,78174.79
46,76692.6
64,94978.05
29,32369.47
54,76294.23
47,79032.95
40,46248.21
33,60172.95
31,62489.84
27,59066.23
24,53585.24
62,102067.14
54,97644.89
46,83968.94
20,45574.65
32,57323.04
53,84517.1
64,94596.01
63,104540.65
36,67776.8
30,52951.39
59,101392.7
38,63264.97
54,77233.83
44,72714.06
46,68606.93
37,71889.65
42,63636.54
23,46677.04
53,91117.66
19,37102.38
39,70089.15
49,71012.68
33,61555.07
35,66537.97
22,46062.8
53,83868.21
47,79951.89
62,92155.93
36,70316.43
40,78969.13
51,73793.72
30,70136.48
60,89572.1
46,91154.76
53,81280.66
39,72459.03
64,102416.08
53,80501.51
26,51781.02
56,98719.2
36,60622.54
55,82659.63
23,38372.26
64,109340.42
32,54553.79
37,73999.84
26,46389.16
49,88148.68
21,51653.14
35,60172.54
22,40525.79
37,59175.76
40,62673.6
28,62121.47
54,86081.84
39,57879.02
21,43182.93
46,74151.84
61,76088.09
51,79627.9
30,61785.54
59,89698.98
26,53235.26
59,94676.11
48,74859.18
24,54646.04
21,56859.87
36,51009.13
59,88041.2
47,95036.94
48,78964.52
52,82121.18
38,63535.66
48,87795.48
36,55688.05
48,85009.4
49,76585.99
19,36801.26
27,50551.18
19,42428.96
19,38818.05
41,78102.18
34,54863.33
49,79920.6
33,63899.46
33,60637.78
